{"cameraMode":{"drawMode":0,"name":"Shaded","section":"Shading Mode"},"sceneLighting":true,"audioPlay":false,"sceneViewState":{"m_AlwaysRefresh":false,"showFog":true,"showSkybox":true,"showFlares":true,"showImageEffects":true,"showParticleSystems":true,"showVisualEffectGraphs":true,"m_FxEnabled":true},"in2DMode":false,"pivot":{"x":0.0715029239654541,"y":0.6717264652252197,"z":-0.29740142822265627},"rotation":{"x":-0.2022624909877777,"y":-0.13989606499671937,"z":0.029205264523625375,"w":-0.9688489437103272},"size":7.346615791320801,"orthographic":false}