{"cameraMode":{"drawMode":0,"name":"Shaded","section":"Shading Mode"},"sceneLighting":true,"audioPlay":false,"sceneViewState":{"m_AlwaysRefresh":false,"showFog":true,"showSkybox":true,"showFlares":true,"showImageEffects":true,"showParticleSystems":true,"showVisualEffectGraphs":true,"m_FxEnabled":true},"in2DMode":false,"pivot":{"x":558.8839111328125,"y":1107.661376953125,"z":-511.3173522949219},"rotation":{"x":0.05877501145005226,"y":0.006299631670117378,"z":-0.000370606139767915,"w":0.9982540011405945},"size":54.724491119384769,"orthographic":false}